Campaign ID,Campaign Name,Date,Amount Spent,Currency
sample-campaign-awareness,Always On - Awareness,09/23/2026,78.25,USD
sample-campaign-retarget,Retargeting - Cart Abandoners,09/23/2026,130.00,USD
sample-campaign-brand,Q3 Brand Search,09/01/2026,184.75,USD
sample-campaign-awareness,Always On - Awareness,09/11/2026,74.75,USD
sample-campaign-summer,Summer Promo,09/04/2026,243.25,USD
sample-campaign-retarget,Retargeting - Cart Abandoners,09/15/2026,121.25,USD
sample-campaign-summer,Summer Promo,09/16/2026,246.75,USD
sample-campaign-webinar,Webinar - Data Leaders,09/22/2026,112.00,USD
sample-campaign-awareness,Always On - Awareness,09/19/2026,83.50,USD
sample-campaign-prospect,Prospecting Lookalike,09/15/2026,288.50,USD
sample-campaign-retarget,Retargeting - Cart Abandoners,09/13/2026,133.50,USD
sample-campaign-awareness,Always On - Awareness,09/13/2026,81.75,USD
sample-campaign-prospect,Prospecting Lookalike,09/03/2026,285.00,USD
sample-campaign-awareness,Always On - Awareness,09/06/2026,76.50,USD
sample-campaign-summer,Summer Promo,09/05/2026,246.75,USD
sample-campaign-abm,LinkedIn ABM - Enterprise,09/22/2026,311.75,USD
sample-campaign-awareness,Always On - Awareness,09/14/2026,85.25,USD
sample-campaign-webinar,Webinar - Data Leaders,09/09/2026,105.00,USD
sample-campaign-prospect,Prospecting Lookalike,09/08/2026,283.25,USD
sample-campaign-webinar,Webinar - Data Leaders,09/19/2026,101.50,USD
sample-campaign-brand,Q3 Brand Search,09/10/2026,197.00,USD
sample-campaign-webinar,Webinar - Data Leaders,09/02/2026,99.75,USD
sample-campaign-prospect,Prospecting Lookalike,09/09/2026,286.75,USD
sample-campaign-prospect,Prospecting Lookalike,09/20/2026,286.75,USD
sample-campaign-awareness,Always On - Awareness,09/03/2026,85.25,USD
sample-campaign-webinar,Webinar - Data Leaders,09/23/2026,96.25,USD
sample-campaign-prospect,Prospecting Lookalike,09/01/2026,278.00,USD
sample-campaign-prospect,Prospecting Lookalike,09/18/2026,279.75,USD
sample-campaign-webinar,Webinar - Data Leaders,09/01/2026,96.25,USD
sample-campaign-prospect,Prospecting Lookalike,09/06/2026,276.25,USD
sample-campaign-brand,Q3 Brand Search,09/06/2026,183.00,USD
sample-campaign-webinar,Webinar - Data Leaders,09/03/2026,103.25,USD
sample-campaign-awareness,Always On - Awareness,09/21/2026,71.25,USD
sample-campaign-brand,Q3 Brand Search,09/22/2026,181.25,USD
sample-campaign-brand,Q3 Brand Search,09/24/2026,188.25,USD
sample-campaign-abm,LinkedIn ABM - Enterprise,09/18/2026,317.00,USD
sample-campaign-prospect,Prospecting Lookalike,09/11/2026,293.75,USD
sample-campaign-retarget,Retargeting - Cart Abandoners,09/10/2026,123.00,USD
sample-campaign-retarget,Retargeting - Cart Abandoners,09/03/2026,137.00,USD
sample-campaign-awareness,Always On - Awareness,09/01/2026,78.25,USD
sample-campaign-abm,LinkedIn ABM - Enterprise,09/02/2026,318.75,USD
sample-campaign-retarget,Retargeting - Cart Abandoners,09/19/2026,135.25,USD
sample-campaign-abm,LinkedIn ABM - Enterprise,09/16/2026,310.00,USD
sample-campaign-webinar,Webinar - Data Leaders,09/16/2026,110.25,USD
sample-campaign-webinar,Webinar - Data Leaders,09/07/2026,98.00,USD
sample-campaign-summer,Summer Promo,09/24/2026,236.25,USD
sample-campaign-prospect,Prospecting Lookalike,09/21/2026,290.25,USD
sample-campaign-retarget,Retargeting - Cart Abandoners,09/04/2026,121.25,USD
sample-campaign-brand,Q3 Brand Search,09/15/2026,195.25,USD
sample-campaign-awareness,Always On - Awareness,09/12/2026,78.25,USD
sample-campaign-awareness,Always On - Awareness,09/10/2026,71.25,USD
sample-campaign-retarget,Retargeting - Cart Abandoners,09/01/2026,130.00,USD
sample-campaign-summer,Summer Promo,09/23/2026,252.00,USD
sample-campaign-summer,Summer Promo,09/01/2026,252.00,USD
sample-campaign-awareness,Always On - Awareness,09/24/2026,81.75,USD
sample-campaign-summer,Summer Promo,09/13/2026,236.25,USD
sample-campaign-webinar,Webinar - Data Leaders,09/05/2026,110.25,USD
sample-campaign-webinar,Webinar - Data Leaders,09/11/2026,112.00,USD
sample-campaign-abm,LinkedIn ABM - Enterprise,09/21/2026,308.25,USD
sample-campaign-brand,Q3 Brand Search,09/04/2026,195.25,USD
sample-campaign-brand,Q3 Brand Search,09/20/2026,193.50,USD
sample-campaign-prospect,Prospecting Lookalike,09/17/2026,276.25,USD
sample-campaign-summer,Summer Promo,09/22/2026,248.50,USD
sample-campaign-awareness,Always On - Awareness,09/18/2026,80.00,USD
sample-campaign-retarget,Retargeting - Cart Abandoners,09/22/2026,126.50,USD
sample-campaign-abm,LinkedIn ABM - Enterprise,09/01/2026,315.25,USD
sample-campaign-retarget,Retargeting - Cart Abandoners,09/07/2026,131.75,USD
sample-campaign-abm,LinkedIn ABM - Enterprise,09/10/2026,308.25,USD
sample-campaign-summer,Summer Promo,09/11/2026,248.50,USD
sample-campaign-abm,LinkedIn ABM - Enterprise,09/11/2026,311.75,USD
sample-campaign-brand,Q3 Brand Search,09/12/2026,184.75,USD
sample-campaign-awareness,Always On - Awareness,09/16/2026,73.00,USD
sample-campaign-webinar,Webinar - Data Leaders,09/14/2026,103.25,USD
sample-campaign-abm,LinkedIn ABM - Enterprise,09/08/2026,301.25,USD
sample-campaign-retarget,Retargeting - Cart Abandoners,09/12/2026,130.00,USD
sample-campaign-summer,Summer Promo,09/07/2026,253.75,USD
sample-campaign-abm,LinkedIn ABM - Enterprise,09/20/2026,304.75,USD
sample-campaign-abm,LinkedIn ABM - Enterprise,09/04/2026,306.50,USD
sample-campaign-brand,Q3 Brand Search,09/17/2026,183.00,USD
sample-campaign-retarget,Retargeting - Cart Abandoners,09/14/2026,137.00,USD
sample-campaign-brand,Q3 Brand Search,09/07/2026,186.50,USD
sample-campaign-webinar,Webinar - Data Leaders,09/17/2026,113.75,USD
sample-campaign-abm,LinkedIn ABM - Enterprise,09/07/2026,317.00,USD
sample-campaign-prospect,Prospecting Lookalike,09/12/2026,278.00,USD
sample-campaign-prospect,Prospecting Lookalike,09/23/2026,278.00,USD
sample-campaign-retarget,Retargeting - Cart Abandoners,09/17/2026,128.25,USD
sample-campaign-awareness,Always On - Awareness,09/15/2026,88.75,USD
sample-campaign-awareness,Always On - Awareness,09/02/2026,81.75,USD
sample-campaign-awareness,Always On - Awareness,09/22/2026,74.75,USD
sample-campaign-webinar,Webinar - Data Leaders,09/20/2026,105.00,USD
sample-campaign-prospect,Prospecting Lookalike,09/05/2026,292.00,USD
sample-campaign-webinar,Webinar - Data Leaders,09/04/2026,106.75,USD
sample-campaign-awareness,Always On - Awareness,09/08/2026,83.50,USD
sample-campaign-prospect,Prospecting Lookalike,09/24/2026,281.50,USD
sample-campaign-prospect,Prospecting Lookalike,09/19/2026,283.25,USD
sample-campaign-webinar,Webinar - Data Leaders,09/08/2026,101.50,USD
sample-campaign-abm,LinkedIn ABM - Enterprise,09/05/2026,310.00,USD
sample-campaign-webinar,Webinar - Data Leaders,09/18/2026,98.00,USD
sample-campaign-abm,LinkedIn ABM - Enterprise,09/17/2026,313.50,USD
sample-campaign-abm,LinkedIn ABM - Enterprise,09/03/2026,303.00,USD
sample-campaign-brand,Q3 Brand Search,09/02/2026,188.25,USD
sample-campaign-retarget,Retargeting - Cart Abandoners,09/11/2026,126.50,USD
sample-campaign-summer,Summer Promo,09/12/2026,252.00,USD
sample-campaign-brand,Q3 Brand Search,09/08/2026,190.00,USD
sample-campaign-summer,Summer Promo,09/08/2026,238.00,USD
sample-campaign-summer,Summer Promo,09/06/2026,250.25,USD
sample-campaign-abm,LinkedIn ABM - Enterprise,09/14/2026,303.00,USD
sample-campaign-awareness,Always On - Awareness,09/17/2026,76.50,USD
sample-campaign-abm,LinkedIn ABM - Enterprise,09/24/2026,318.75,USD
sample-campaign-summer,Summer Promo,09/03/2026,239.75,USD
sample-campaign-brand,Q3 Brand Search,09/14/2026,191.75,USD
sample-campaign-abm,LinkedIn ABM - Enterprise,09/09/2026,304.75,USD
sample-campaign-brand,Q3 Brand Search,09/06/2026,183.00,USD
sample-campaign-retarget,Retargeting - Cart Abandoners,09/24/2026,133.50,USD
sample-campaign-brand,Q3 Brand Search,09/13/2026,188.25,USD
sample-campaign-awareness,Always On - Awareness,09/05/2026,73.00,USD
sample-campaign-abm,LinkedIn ABM - Enterprise,09/06/2026,313.50,USD
sample-campaign-webinar,Webinar - Data Leaders,09/12/2026,96.25,USD
sample-campaign-prospect,Prospecting Lookalike,09/10/2026,290.25,USD
sample-campaign-brand,Q3 Brand Search,09/19/2026,190.00,USD
sample-campaign-brand,Q3 Brand Search,09/16/2026,198.75,USD
sample-campaign-webinar,Webinar - Data Leaders,09/10/2026,108.50,USD
sample-campaign-awareness,Always On - Awareness,09/09/2026,87.00,USD
sample-campaign-prospect,Prospecting Lookalike,09/07/2026,279.75,USD
sample-campaign-awareness,Always On - Awareness,09/04/2026,88.75,USD
sample-campaign-webinar,Webinar - Data Leaders,09/24/2026,99.75,USD
sample-campaign-webinar,Webinar - Data Leaders,09/06/2026,113.75,USD
sample-campaign-abm,LinkedIn ABM - Enterprise,09/12/2026,315.25,USD
sample-campaign-abm,LinkedIn ABM - Enterprise,09/13/2026,318.75,USD
sample-campaign-prospect,Prospecting Lookalike,09/02/2026,281.50,USD
sample-campaign-summer,Summer Promo,09/19/2026,238.00,USD
sample-campaign-brand,Q3 Brand Search,09/21/2026,197.00,USD
sample-campaign-abm,LinkedIn ABM - Enterprise,09/23/2026,315.25,USD
sample-campaign-retarget,Retargeting - Cart Abandoners,09/09/2026,138.75,USD
sample-campaign-brand,Q3 Brand Search,09/03/2026,191.75,USD
sample-campaign-retarget,Retargeting - Cart Abandoners,09/21/2026,123.00,USD
sample-campaign-retarget,Retargeting - Cart Abandoners,09/06/2026,128.25,USD
sample-campaign-summer,Summer Promo,09/21/2026,245.00,USD
sample-campaign-summer,Summer Promo,09/20/2026,241.50,USD
sample-campaign-brand,Q3 Brand Search,09/18/2026,186.50,USD
sample-campaign-summer,Summer Promo,09/10/2026,245.00,USD
sample-campaign-abm,LinkedIn ABM - Enterprise,09/15/2026,306.50,USD
sample-campaign-summer,Summer Promo,09/14/2026,239.75,USD
sample-campaign-abm,LinkedIn ABM - Enterprise,09/19/2026,301.25,USD
sample-campaign-brand,Q3 Brand Search,09/09/2026,193.50,USD
sample-campaign-summer,Summer Promo,09/02/2026,236.25,USD
sample-campaign-prospect,Prospecting Lookalike,09/16/2026,292.00,USD
sample-campaign-brand,Q3 Brand Search,09/23/2026,184.75,USD
sample-campaign-brand,Q3 Brand Search,09/05/2026,198.75,USD
sample-campaign-retarget,Retargeting - Cart Abandoners,09/16/2026,124.75,USD
sample-campaign-prospect,Prospecting Lookalike,09/13/2026,281.50,USD
sample-campaign-webinar,Webinar - Data Leaders,09/13/2026,99.75,USD
sample-campaign-brand,Q3 Brand Search,09/07/2026,186.50,USD
sample-campaign-retarget,Retargeting - Cart Abandoners,09/08/2026,135.25,USD
sample-campaign-retarget,Retargeting - Cart Abandoners,09/05/2026,124.75,USD
sample-campaign-retarget,Retargeting - Cart Abandoners,09/20/2026,138.75,USD
sample-campaign-retarget,Retargeting - Cart Abandoners,09/02/2026,133.50,USD
sample-campaign-awareness,Always On - Awareness,09/20/2026,87.00,USD
sample-campaign-prospect,Prospecting Lookalike,09/04/2026,288.50,USD
sample-campaign-summer,Summer Promo,09/18/2026,253.75,USD
sample-campaign-prospect,Prospecting Lookalike,09/14/2026,285.00,USD
sample-campaign-webinar,Webinar - Data Leaders,09/21/2026,108.50,USD
sample-campaign-summer,Summer Promo,09/09/2026,241.50,USD
sample-campaign-summer,Summer Promo,09/17/2026,250.25,USD
sample-campaign-retarget,Retargeting - Cart Abandoners,09/18/2026,131.75,USD
sample-campaign-brand,Q3 Brand Search,09/05/2026,198.75,USD
sample-campaign-webinar,Webinar - Data Leaders,09/15/2026,106.75,USD
sample-campaign-prospect,Prospecting Lookalike,09/22/2026,293.75,USD
sample-campaign-awareness,Always On - Awareness,09/07/2026,80.00,USD
sample-campaign-brand,Q3 Brand Search,09/11/2026,181.25,USD
sample-campaign-summer,Summer Promo,09/15/2026,243.25,USD
sample-campaign-brand,Q3 Brand Search,09/04/2026,195.25,USD