Deal ID;Campaign ID;Campaign Name;Deal Stage;Amount;Currency;Close Date
sample-deal-brand-14;sample-campaign-brand;Q3 Brand Search;Closed Won;2175.00;USD;14-09-2026
sample-deal-brand-30;sample-campaign-brand;Q3 Brand Search;Closed Lost;2300.00;USD;02-09-2026
sample-deal-summer-21;sample-campaign-summer;Summer Promo;Closed Lost;;USD;21-09-2026
sample-deal-webinar-13;sample-campaign-webinar;Webinar - Data Leaders;Proposal;1050.00;USD;13-09-2026
sample-deal-webinar-8;sample-campaign-webinar;Webinar - Data Leaders;Negotiation;1050.00;USD;08-09-2026
sample-deal-brand-5;sample-campaign-brand;Q3 Brand Search;Closed Won;2300.00;USD;05-09-2026
sample-deal-summer-11;sample-campaign-summer;Summer Promo;Negotiation;1100.00;USD;11-09-2026
sample-deal-webinar-1;sample-campaign-webinar;Webinar - Data Leaders;Closed Won;800.00;USD;01-09-2026
sample-deal-brand-10;sample-campaign-brand;Q3 Brand Search;Closed Won;2300.00;USD;10-09-2026
sample-deal-summer-13;sample-campaign-summer;Summer Promo;Proposal;1350.00;USD;13-09-2026
sample-deal-brand-9;sample-campaign-brand;Q3 Brand Search;Closed Won;2175.00;USD;09-09-2026
sample-deal-summer-18;sample-campaign-summer;Summer Promo;Open;1350.00;USD;18-09-2026
sample-deal-summer-14;sample-campaign-summer;Summer Promo;Negotiation;1475.00;USD;14-09-2026
sample-deal-abm-23;sample-campaign-abm;LinkedIn ABM - Enterprise;Closed Lost;2650.00;USD;23-09-2026
sample-deal-awareness-6;sample-campaign-awareness;Always On - Awareness;Open;350.00;USD;06-09-2026
sample-deal-prospect-15;sample-campaign-prospect;Prospecting Lookalike;Open;950.00;USD;15-09-2026
sample-deal-abm-7;sample-campaign-abm;LinkedIn ABM - Enterprise;Proposal;2525.00;USD;07-09-2026
sample-deal-prospect-22;sample-campaign-prospect;Prospecting Lookalike;Closed Lost;575.00;USD;22-09-2026
sample-deal-summer-20;sample-campaign-summer;Summer Promo;Negotiation;1600.00;USD;20-09-2026
sample-deal-awareness-11;sample-campaign-awareness;Always On - Awareness;Negotiation;350.00;USD;11-09-2026
sample-deal-prospect-7;sample-campaign-prospect;Prospecting Lookalike;Proposal;575.00;USD;07-09-2026
sample-deal-retarget-23;;Retargeting_CartAbandon;Negotiation;1750.00;USD;23-09-2026
sample-deal-retarget-5;;Retargeting_CartAbandon;Closed Won;2000.00;USD;05-09-2026
sample-deal-summer-25;sample-campaign-summer;Summer Promo;Closed Lost;;USD;25-09-2026
sample-deal-brand-22;sample-campaign-brand;Q3 Brand Search;Proposal;1925.00;USD;22-09-2026
sample-deal-webinar-7;sample-campaign-webinar;Webinar - Data Leaders;Proposal;925.00;USD;07-09-2026
sample-deal-abm-12;sample-campaign-abm;LinkedIn ABM - Enterprise;Open;2525.00;USD;12-09-2026
sample-deal-awareness-18;sample-campaign-awareness;Always On - Awareness;Closed Lost;600.00;USD;18-09-2026
sample-deal-prospect-8;sample-campaign-prospect;Prospecting Lookalike;Negotiation;700.00;USD;08-09-2026
sample-deal-brand-27;sample-campaign-brand;Q3 Brand Search;Closed Lost;1925.00;USD;27-09-2026
sample-deal-abm-3;sample-campaign-abm;LinkedIn ABM - Enterprise;Closed Won;2650.00;USD;03-09-2026
sample-deal-awareness-21;sample-campaign-awareness;Always On - Awareness;Closed Lost;;USD;21-09-2026
sample-deal-retarget-11;;Retargeting_CartAbandon;Closed Won;1500.00;USD;11-09-2026
sample-deal-prospect-11;sample-campaign-prospect;Prospecting Lookalike;Negotiation;450.00;USD;11-09-2026
sample-deal-abm-27;sample-campaign-abm;LinkedIn ABM - Enterprise;Closed Lost;2525.00;USD;27-09-2026
sample-deal-webinar-14;sample-campaign-webinar;Webinar - Data Leaders;Closed Lost;1175.00;USD;14-09-2026
sample-deal-retarget-26;;Retargeting_CartAbandon;Closed Lost;1500.00;USD;26-09-2026
sample-deal-prospect-21;sample-campaign-prospect;Prospecting Lookalike;Closed Lost;;USD;21-09-2026
sample-deal-retarget-29;;Retargeting_CartAbandon;Closed Lost;;USD;01-09-2026
sample-deal-retarget-20;;Retargeting_CartAbandon;Negotiation;2000.00;USD;20-09-2026
sample-deal-awareness-3;sample-campaign-awareness;Always On - Awareness;Open;600.00;USD;03-09-2026
sample-deal-abm-26;sample-campaign-abm;LinkedIn ABM - Enterprise;Closed Lost;2400.00;USD;26-09-2026
sample-deal-prospect-17;sample-campaign-prospect;Prospecting Lookalike;Negotiation;575.00;USD;17-09-2026
sample-deal-prospect-6;sample-campaign-prospect;Prospecting Lookalike;Open;450.00;USD;06-09-2026
sample-deal-abm-14;sample-campaign-abm;LinkedIn ABM - Enterprise;Negotiation;2775.00;USD;14-09-2026
sample-deal-retarget-9;;Retargeting_CartAbandon;Closed Won;1875.00;USD;09-09-2026
sample-deal-brand-24;sample-campaign-brand;Q3 Brand Search;Open;2175.00;USD;24-09-2026
sample-deal-brand-2;sample-campaign-brand;Q3 Brand Search;Closed Won;1925.00;USD;02-09-2026
sample-deal-brand-3;sample-campaign-brand;Q3 Brand Search;Closed Won;2050.00;USD;03-09-2026
sample-deal-retarget-30;;Retargeting_CartAbandon;Closed Lost;2000.00;USD;02-09-2026
sample-deal-summer-12;sample-campaign-summer;Summer Promo;Open;1225.00;USD;12-09-2026
sample-deal-awareness-13;sample-campaign-awareness;Always On - Awareness;Closed Lost;;USD;13-09-2026
sample-deal-retarget-6;;Retargeting_CartAbandon;Closed Won;1500.00;USD;06-09-2026
sample-deal-retarget-27;;Retargeting_CartAbandon;Closed Lost;1625.00;USD;27-09-2026
sample-deal-retarget-18;;Retargeting_CartAbandon;Open;1750.00;USD;18-09-2026
sample-deal-awareness-10;sample-campaign-awareness;Always On - Awareness;Proposal;850.00;USD;10-09-2026
sample-deal-retarget-24;;Retargeting_CartAbandon;Open;1875.00;USD;24-09-2026
sample-review-3;sample-unknown-brand;Q3 Brand Search;Closed Won;2600.00;USD;21-09-2026
sample-deal-brand-25;sample-campaign-brand;Q3 Brand Search;Closed Lost;;USD;25-09-2026
sample-deal-summer-23;sample-campaign-summer;Summer Promo;Closed Lost;1350.00;USD;23-09-2026
sample-deal-prospect-3;sample-campaign-prospect;Prospecting Lookalike;Closed Won;700.00;USD;03-09-2026
sample-deal-summer-30;sample-campaign-summer;Summer Promo;Closed Lost;1600.00;USD;02-09-2026
sample-deal-abm-9;sample-campaign-abm;LinkedIn ABM - Enterprise;Open;2775.00;USD;09-09-2026
sample-deal-brand-17;sample-campaign-brand;Q3 Brand Search;Negotiation;1925.00;USD;17-09-2026
sample-deal-brand-7;sample-campaign-brand;Q3 Brand Search;Closed Won;1925.00;USD;07-09-2026
sample-deal-webinar-16;sample-campaign-webinar;Webinar - Data Leaders;Closed Lost;800.00;USD;16-09-2026
sample-deal-retarget-16;;Retargeting_CartAbandon;Closed Won;1500.00;USD;16-09-2026
sample-deal-prospect-30;sample-campaign-prospect;Prospecting Lookalike;Closed Lost;950.00;USD;02-09-2026
sample-deal-awareness-15;sample-campaign-awareness;Always On - Awareness;Closed Lost;850.00;USD;15-09-2026
sample-deal-retarget-10;;Retargeting_CartAbandon;Closed Won;2000.00;USD;10-09-2026
sample-deal-retarget-8;;Retargeting_CartAbandon;Closed Won;1750.00;USD;08-09-2026
sample-deal-prospect-29;sample-campaign-prospect;Prospecting Lookalike;Closed Lost;;USD;01-09-2026
sample-deal-abm-15;sample-campaign-abm;LinkedIn ABM - Enterprise;Open;2900.00;USD;15-09-2026
sample-deal-abm-29;sample-campaign-abm;LinkedIn ABM - Enterprise;Closed Lost;;USD;01-09-2026
sample-deal-abm-18;sample-campaign-abm;LinkedIn ABM - Enterprise;Open;2650.00;USD;18-09-2026
sample-deal-abm-24;sample-campaign-abm;LinkedIn ABM - Enterprise;Closed Lost;2775.00;USD;24-09-2026
sample-deal-awareness-2;sample-campaign-awareness;Always On - Awareness;Closed Won;475.00;USD;02-09-2026
sample-deal-awareness-23;sample-campaign-awareness;Always On - Awareness;Closed Lost;600.00;USD;23-09-2026
sample-deal-brand-15;sample-campaign-brand;Q3 Brand Search;Open;2300.00;USD;15-09-2026
sample-deal-awareness-20;sample-campaign-awareness;Always On - Awareness;Closed Lost;850.00;USD;20-09-2026
sample-deal-summer-4;;" summer_PROMO ";Closed Won;1475.00;USD;04-09-2026
sample-deal-prospect-20;sample-campaign-prospect;Prospecting Lookalike;Closed Lost;950.00;USD;20-09-2026
sample-deal-abm-4;sample-campaign-abm;LinkedIn ABM - Enterprise;Closed Won;2775.00;USD;04-09-2026
sample-review-4;sample-unknown-retarget;Retargeting_CartAbandon;Open;1900.00;USD;22-09-2026
sample-deal-retarget-21;;Retargeting_CartAbandon;Open;1500.00;USD;21-09-2026
sample-deal-prospect-10;sample-campaign-prospect;Prospecting Lookalike;Proposal;950.00;USD;10-09-2026
sample-deal-webinar-3;sample-campaign-webinar;Webinar - Data Leaders;Open;1050.00;USD;03-09-2026
sample-deal-webinar-9;sample-campaign-webinar;Webinar - Data Leaders;Open;1175.00;USD;09-09-2026
sample-deal-abm-2;sample-campaign-abm;LinkedIn ABM - Enterprise;Closed Won;2525.00;USD;02-09-2026
sample-deal-summer-2;;" summer_PROMO ";Closed Won;1225.00;USD;02-09-2026
sample-deal-summer-28;sample-campaign-summer;Summer Promo;Closed Lost;1350.00;USD;28-09-2026
sample-deal-summer-16;sample-campaign-summer;Summer Promo;Proposal;1100.00;USD;16-09-2026
sample-deal-abm-13;sample-campaign-abm;LinkedIn ABM - Enterprise;Proposal;2650.00;USD;13-09-2026
sample-deal-brand-18;sample-campaign-brand;Q3 Brand Search;Open;2050.00;USD;18-09-2026
sample-deal-webinar-6;sample-campaign-webinar;Webinar - Data Leaders;Open;800.00;USD;06-09-2026
sample-deal-retarget-22;;Retargeting_CartAbandon;Proposal;1625.00;USD;22-09-2026
sample-deal-summer-3;;" summer_PROMO ";Closed Won;1350.00;USD;03-09-2026
sample-deal-brand-28;sample-campaign-brand;Q3 Brand Search;Closed Lost;2050.00;USD;28-09-2026
sample-deal-prospect-25;sample-campaign-prospect;Prospecting Lookalike;Closed Lost;;USD;25-09-2026
sample-review-2;;Partner Briefing - Analytics;Closed Won;2200.00;USD;20-09-2026
sample-deal-summer-29;sample-campaign-summer;Summer Promo;Closed Lost;;USD;01-09-2026
sample-deal-retarget-28;;Retargeting_CartAbandon;Closed Lost;1750.00;USD;28-09-2026
sample-deal-retarget-7;;Retargeting_CartAbandon;Closed Won;1625.00;USD;07-09-2026
sample-deal-abm-5;sample-campaign-abm;LinkedIn ABM - Enterprise;Closed Won;2900.00;USD;05-09-2026
sample-deal-brand-29;sample-campaign-brand;Q3 Brand Search;Closed Lost;;USD;01-09-2026
sample-deal-webinar-2;sample-campaign-webinar;Webinar - Data Leaders;Negotiation;925.00;USD;02-09-2026
sample-deal-brand-8;sample-campaign-brand;Q3 Brand Search;Closed Won;2050.00;USD;08-09-2026
sample-deal-abm-1;sample-campaign-abm;LinkedIn ABM - Enterprise;Closed Won;2400.00;USD;01-09-2026
sample-deal-retarget-15;;Retargeting_CartAbandon;Closed Won;2000.00;USD;15-09-2026
sample-deal-webinar-4;sample-campaign-webinar;Webinar - Data Leaders;Proposal;1175.00;USD;04-09-2026
sample-deal-retarget-17;;Retargeting_CartAbandon;Negotiation;1625.00;USD;17-09-2026
sample-deal-summer-15;sample-campaign-summer;Summer Promo;Open;1600.00;USD;15-09-2026
sample-deal-abm-20;sample-campaign-abm;LinkedIn ABM - Enterprise;Negotiation;2900.00;USD;20-09-2026
sample-deal-prospect-16;sample-campaign-prospect;Prospecting Lookalike;Proposal;450.00;USD;16-09-2026
sample-deal-awareness-14;sample-campaign-awareness;Always On - Awareness;Closed Lost;725.00;USD;14-09-2026
sample-deal-abm-6;sample-campaign-abm;LinkedIn ABM - Enterprise;Closed Won;2400.00;USD;06-09-2026
sample-deal-awareness-22;sample-campaign-awareness;Always On - Awareness;Closed Lost;475.00;USD;22-09-2026
sample-deal-retarget-1;;Retargeting_CartAbandon;Closed Won;1500.00;USD;01-09-2026
sample-deal-awareness-8;sample-campaign-awareness;Always On - Awareness;Negotiation;600.00;USD;08-09-2026
sample-deal-abm-22;sample-campaign-abm;LinkedIn ABM - Enterprise;Closed Lost;2525.00;USD;22-09-2026
sample-deal-summer-24;sample-campaign-summer;Summer Promo;Closed Lost;1475.00;USD;24-09-2026
sample-deal-brand-12;sample-campaign-brand;Q3 Brand Search;Closed Won;1925.00;USD;12-09-2026
sample-deal-brand-16;sample-campaign-brand;Q3 Brand Search;Proposal;1800.00;USD;16-09-2026
sample-deal-webinar-10;sample-campaign-webinar;Webinar - Data Leaders;Proposal;1300.00;USD;10-09-2026
sample-deal-brand-11;sample-campaign-brand;Q3 Brand Search;Closed Won;1800.00;USD;11-09-2026
sample-deal-prospect-1;sample-campaign-prospect;Prospecting Lookalike;Closed Won;450.00;USD;01-09-2026
sample-deal-awareness-9;sample-campaign-awareness;Always On - Awareness;Open;725.00;USD;09-09-2026
sample-deal-brand-21;sample-campaign-brand;Q3 Brand Search;Open;1800.00;USD;21-09-2026
sample-deal-prospect-14;sample-campaign-prospect;Prospecting Lookalike;Negotiation;825.00;USD;14-09-2026
sample-deal-prospect-13;sample-campaign-prospect;Prospecting Lookalike;Proposal;700.00;USD;13-09-2026
sample-deal-prospect-23;sample-campaign-prospect;Prospecting Lookalike;Closed Lost;700.00;USD;23-09-2026
sample-review-1;;Partner Briefing - Analytics;Proposal;1700.00;USD;19-09-2026
sample-deal-summer-17;sample-campaign-summer;Summer Promo;Negotiation;1225.00;USD;17-09-2026
sample-deal-prospect-2;sample-campaign-prospect;Prospecting Lookalike;Closed Won;575.00;USD;02-09-2026
sample-deal-retarget-2;;Retargeting_CartAbandon;Closed Won;1625.00;USD;02-09-2026
sample-deal-brand-10;sample-campaign-brand;Q3 Brand Search;Closed Won;2300.00;USD;10-09-2026
sample-deal-brand-12;sample-campaign-brand;Q3 Brand Search;Closed Won;1925.00;USD;12-09-2026
sample-deal-awareness-5;sample-campaign-awareness;Always On - Awareness;Negotiation;850.00;USD;05-09-2026
sample-deal-brand-11;sample-campaign-brand;Q3 Brand Search;Closed Won;1800.00;USD;11-09-2026
sample-deal-brand-9;sample-campaign-brand;Q3 Brand Search;Closed Won;2175.00;USD;09-09-2026
sample-deal-prospect-4;sample-campaign-prospect;Prospecting Lookalike;Closed Won;825.00;USD;04-09-2026
sample-deal-webinar-11;sample-campaign-webinar;Webinar - Data Leaders;Negotiation;800.00;USD;11-09-2026
sample-deal-prospect-27;sample-campaign-prospect;Prospecting Lookalike;Closed Lost;575.00;USD;27-09-2026
sample-deal-abm-16;sample-campaign-abm;LinkedIn ABM - Enterprise;Proposal;2400.00;USD;16-09-2026
sample-deal-retarget-4;;Retargeting_CartAbandon;Closed Won;1875.00;USD;04-09-2026
sample-deal-awareness-17;sample-campaign-awareness;Always On - Awareness;Closed Lost;;USD;17-09-2026
sample-deal-summer-9;sample-campaign-summer;Summer Promo;Open;1475.00;USD;09-09-2026
sample-deal-summer-19;sample-campaign-summer;Summer Promo;Proposal;1475.00;USD;19-09-2026
sample-deal-webinar-15;sample-campaign-webinar;Webinar - Data Leaders;Closed Lost;1300.00;USD;15-09-2026
sample-deal-awareness-7;sample-campaign-awareness;Always On - Awareness;Proposal;475.00;USD;07-09-2026
sample-deal-abm-19;sample-campaign-abm;LinkedIn ABM - Enterprise;Proposal;2775.00;USD;19-09-2026
sample-deal-brand-13;sample-campaign-brand;Q3 Brand Search;Closed Won;2050.00;USD;13-09-2026
sample-deal-prospect-9;sample-campaign-prospect;Prospecting Lookalike;Open;825.00;USD;09-09-2026
sample-deal-brand-26;sample-campaign-brand;Q3 Brand Search;Closed Lost;1800.00;USD;26-09-2026
sample-deal-summer-6;sample-campaign-summer;Summer Promo;Closed Won;1100.00;USD;06-09-2026
sample-deal-retarget-3;;Retargeting_CartAbandon;Closed Won;1750.00;USD;03-09-2026
sample-deal-brand-19;sample-campaign-brand;Q3 Brand Search;Proposal;2175.00;USD;19-09-2026
sample-deal-summer-27;sample-campaign-summer;Summer Promo;Closed Lost;1225.00;USD;27-09-2026
sample-deal-prospect-26;sample-campaign-prospect;Prospecting Lookalike;Closed Lost;450.00;USD;26-09-2026
sample-deal-brand-13;sample-campaign-brand;Q3 Brand Search;Closed Won;2050.00;USD;13-09-2026
sample-deal-brand-20;sample-campaign-brand;Q3 Brand Search;Negotiation;2300.00;USD;20-09-2026
sample-deal-abm-30;sample-campaign-abm;LinkedIn ABM - Enterprise;Closed Lost;2900.00;USD;02-09-2026
sample-deal-awareness-16;sample-campaign-awareness;Always On - Awareness;Closed Lost;350.00;USD;16-09-2026
sample-deal-abm-8;sample-campaign-abm;LinkedIn ABM - Enterprise;Negotiation;2650.00;USD;08-09-2026
sample-deal-webinar-17;sample-campaign-webinar;Webinar - Data Leaders;Closed Lost;;USD;17-09-2026
sample-deal-awareness-1;sample-campaign-awareness;Always On - Awareness;Closed Won;350.00;USD;01-09-2026
sample-deal-abm-21;sample-campaign-abm;LinkedIn ABM - Enterprise;Closed Lost;;USD;21-09-2026
sample-deal-abm-10;sample-campaign-abm;LinkedIn ABM - Enterprise;Proposal;2900.00;USD;10-09-2026
sample-deal-webinar-5;sample-campaign-webinar;Webinar - Data Leaders;Negotiation;1300.00;USD;05-09-2026
sample-deal-prospect-28;sample-campaign-prospect;Prospecting Lookalike;Closed Lost;700.00;USD;28-09-2026
sample-deal-retarget-25;;Retargeting_CartAbandon;Closed Lost;;USD;25-09-2026
sample-deal-awareness-19;sample-campaign-awareness;Always On - Awareness;Closed Lost;725.00;USD;19-09-2026
sample-deal-summer-22;sample-campaign-summer;Summer Promo;Closed Lost;1225.00;USD;22-09-2026
sample-deal-awareness-12;sample-campaign-awareness;Always On - Awareness;Open;475.00;USD;12-09-2026
sample-deal-brand-6;sample-campaign-brand;Q3 Brand Search;Closed Won;1800.00;USD;06-09-2026
sample-deal-brand-23;sample-campaign-brand;Q3 Brand Search;Negotiation;2050.00;USD;23-09-2026
sample-deal-summer-26;sample-campaign-summer;Summer Promo;Closed Lost;1100.00;USD;26-09-2026
sample-deal-awareness-4;sample-campaign-awareness;Always On - Awareness;Proposal;725.00;USD;04-09-2026
sample-deal-awareness-24;sample-campaign-awareness;Always On - Awareness;Closed Lost;725.00;USD;24-09-2026
sample-deal-retarget-19;;Retargeting_CartAbandon;Proposal;1875.00;USD;19-09-2026
sample-deal-retarget-12;;Retargeting_CartAbandon;Closed Won;1625.00;USD;12-09-2026
sample-deal-abm-25;sample-campaign-abm;LinkedIn ABM - Enterprise;Closed Lost;;USD;25-09-2026
sample-deal-prospect-18;sample-campaign-prospect;Prospecting Lookalike;Closed Lost;700.00;USD;18-09-2026
sample-deal-prospect-12;sample-campaign-prospect;Prospecting Lookalike;Open;575.00;USD;12-09-2026
sample-deal-abm-17;sample-campaign-abm;LinkedIn ABM - Enterprise;Negotiation;2525.00;USD;17-09-2026
sample-deal-summer-1;;" summer_PROMO ";Closed Won;1100.00;USD;01-09-2026
sample-deal-abm-11;sample-campaign-abm;LinkedIn ABM - Enterprise;Negotiation;2400.00;USD;11-09-2026
sample-deal-prospect-5;sample-campaign-prospect;Prospecting Lookalike;Closed Won;950.00;USD;05-09-2026
sample-deal-summer-7;sample-campaign-summer;Summer Promo;Closed Won;1225.00;USD;07-09-2026
sample-deal-webinar-18;sample-campaign-webinar;Webinar - Data Leaders;Closed Lost;1050.00;USD;18-09-2026
sample-deal-prospect-19;sample-campaign-prospect;Prospecting Lookalike;Closed Lost;825.00;USD;19-09-2026
sample-deal-retarget-13;;Retargeting_CartAbandon;Closed Won;1750.00;USD;13-09-2026
sample-deal-brand-4;sample-campaign-brand;Q3 Brand Search;Closed Won;2175.00;USD;04-09-2026
sample-deal-summer-8;sample-campaign-summer;Summer Promo;Closed Won;1350.00;USD;08-09-2026
sample-deal-prospect-24;sample-campaign-prospect;Prospecting Lookalike;Closed Lost;825.00;USD;24-09-2026
sample-deal-summer-10;sample-campaign-summer;Summer Promo;Proposal;1600.00;USD;10-09-2026
sample-deal-summer-5;sample-campaign-summer;Summer Promo;Closed Won;1600.00;USD;05-09-2026
sample-deal-brand-1;sample-campaign-brand;Q3 Brand Search;Closed Won;1800.00;USD;01-09-2026
sample-deal-webinar-12;sample-campaign-webinar;Webinar - Data Leaders;Open;925.00;USD;12-09-2026
sample-deal-retarget-14;;Retargeting_CartAbandon;Closed Won;1875.00;USD;14-09-2026
sample-deal-brand-14;sample-campaign-brand;Q3 Brand Search;Closed Won;2175.00;USD;14-09-2026
sample-deal-abm-28;sample-campaign-abm;LinkedIn ABM - Enterprise;Closed Lost;2650.00;USD;28-09-2026